id,full_name,generation_level,profession,city,country,latitude,longitude,date_of_birth,date_of_death,father,mother,spouse,photo_url,bio,phone,email
m1,Raj Shah 1,1,Software Engineer,Pune,India,18.5204,73.8567,1950-01-01,2020-05-12,,,,,"Sample member for testing generation 1, search, profile and relationship features.",+91 9800000000,member1@example.com
m2,Neha Shah 2,1,Doctor,Mumbai,India,19.076,72.8777,1951-02-02,2021-05-12,,,,,"Sample member for testing generation 1, search, profile and relationship features.",+91 9800000001,member2@example.com
m3,Mahesh Shah 3,1,Chartered Accountant,Jalgaon,India,21.0077,75.5626,1952-03-03,,,,,,"Sample member for testing generation 1, search, profile and relationship features.",+91 9800000002,member3@example.com
m4,Priya Shah 4,2,Lawyer,Nashik,India,20.0059,73.791,1963-04-04,,Raj Shah 1,,Rohan Shah 5,,"Sample member for testing generation 2, search, profile and relationship features.",+91 9800000003,member4@example.com
m5,Rohan Shah 5,2,Teacher,Bengaluru,India,12.9716,77.5946,1964-05-05,2024-05-12,Raj Shah 1,,Priya Shah 4,,"Sample member for testing generation 2, search, profile and relationship features.",+91 9800000004,member5@example.com
m6,Isha Shah 6,2,Business Owner,Delhi,India,28.6139,77.209,1965-06-06,,Neha Shah 2,,,,"Sample member for testing generation 2, search, profile and relationship features.",+91 9800000005,member6@example.com
m7,Arjun Shah 7,2,Architect,London,United Kingdom,51.5074,-0.1278,1966-07-07,,Neha Shah 2,,,,"Sample member for testing generation 2, search, profile and relationship features.",+91 9800000006,member7@example.com
m8,Kavya Shah 8,2,Consultant,Dubai,UAE,25.2048,55.2708,1967-08-08,,Mahesh Shah 3,,,,"Sample member for testing generation 2, search, profile and relationship features.",+91 9800000007,member8@example.com
m9,Aditya Shah 9,2,Professor,Pune,India,18.5204,73.8567,1968-09-09,,Mahesh Shah 3,,Nisha Shah 10,,"Sample member for testing generation 2, search, profile and relationship features.",+91 9800000008,member9@example.com
m10,Nisha Shah 10,2,Banker,Mumbai,India,19.076,72.8777,1969-10-10,,Raj Shah 1,,Aditya Shah 9,,"Sample member for testing generation 2, search, profile and relationship features.",+91 9800000009,member10@example.com
m11,Suresh Shah 11,2,Designer,Jalgaon,India,21.0077,75.5626,1960-11-11,,Raj Shah 1,,,,"Sample member for testing generation 2, search, profile and relationship features.",+91 9800000010,member11@example.com
m12,Sneha Shah 12,2,Entrepreneur,Nashik,India,20.0059,73.791,1961-12-12,,Neha Shah 2,,,,"Sample member for testing generation 2, search, profile and relationship features.",+91 9800000011,member12@example.com
m13,Prakash Shah 13,2,Civil Engineer,Bengaluru,India,12.9716,77.5946,1962-01-13,,Neha Shah 2,,,,"Sample member for testing generation 2, search, profile and relationship features.",+91 9800000012,member13@example.com
m14,Tanya Shah 14,2,Pharmacist,Delhi,India,28.6139,77.209,1963-02-14,,Mahesh Shah 3,,Deepak Shah 15,,"Sample member for testing generation 2, search, profile and relationship features.",+91 9800000013,member14@example.com
m15,Deepak Shah 15,2,Student,London,United Kingdom,51.5074,-0.1278,1964-03-15,,Mahesh Shah 3,,Tanya Shah 14,,"Sample member for testing generation 2, search, profile and relationship features.",+91 9800000014,member15@example.com
m16,Shreya Shah 16,2,Software Engineer,Dubai,UAE,25.2048,55.2708,1965-04-16,,Raj Shah 1,,,,"Sample member for testing generation 2, search, profile and relationship features.",+91 9800000015,member16@example.com
m17,Varun Shah 17,2,Doctor,Pune,India,18.5204,73.8567,1966-05-17,,Raj Shah 1,,,,"Sample member for testing generation 2, search, profile and relationship features.",+91 9800000016,member17@example.com
m18,Simran Shah 18,2,Chartered Accountant,Mumbai,India,19.076,72.8777,1967-06-18,,Neha Shah 2,,,,"Sample member for testing generation 2, search, profile and relationship features.",+91 9800000017,member18@example.com
m19,Ritesh Shah 19,2,Lawyer,Jalgaon,India,21.0077,75.5626,1968-07-19,,Neha Shah 2,,Ritu Shah 20,,"Sample member for testing generation 2, search, profile and relationship features.",+91 9800000018,member19@example.com
m20,Ritu Shah 20,2,Teacher,Nashik,India,20.0059,73.791,1969-08-20,,Mahesh Shah 3,,Ritesh Shah 19,,"Sample member for testing generation 2, search, profile and relationship features.",+91 9800000019,member20@example.com
m21,Harsh Shah 21,2,Business Owner,Bengaluru,India,12.9716,77.5946,1960-09-21,,Mahesh Shah 3,,Raj Shah 51,,"Sample member for testing generation 2, search, profile and relationship features.",+91 9800000020,member21@example.com
m22,Neha Shah 22,2,Architect,Delhi,India,28.6139,77.209,1961-10-22,,Raj Shah 1,,,,"Sample member for testing generation 2, search, profile and relationship features.",+91 9800000021,member22@example.com
m23,Dev Shah 23,2,Consultant,London,United Kingdom,51.5074,-0.1278,1962-11-23,,Raj Shah 1,,,,"Sample member for testing generation 2, search, profile and relationship features.",+91 9800000022,member23@example.com
m24,Priya Shah 24,2,Professor,Dubai,UAE,25.2048,55.2708,1963-12-24,,Neha Shah 2,,Ravi Shah 25,,"Sample member for testing generation 2, search, profile and relationship features.",+91 9800000023,member24@example.com
m25,Ravi Shah 25,2,Banker,Pune,India,18.5204,73.8567,1964-01-25,,Neha Shah 2,,Priya Shah 24,,"Sample member for testing generation 2, search, profile and relationship features.",+91 9800000024,member25@example.com
m26,Isha Shah 26,2,Designer,Mumbai,India,19.076,72.8777,1965-02-26,,Mahesh Shah 3,,,,"Sample member for testing generation 2, search, profile and relationship features.",+91 9800000025,member26@example.com
m27,Vijay Shah 27,2,Entrepreneur,Jalgaon,India,21.0077,75.5626,1966-03-27,,Mahesh Shah 3,,,,"Sample member for testing generation 2, search, profile and relationship features.",+91 9800000026,member27@example.com
m28,Kavya Shah 28,2,Civil Engineer,Nashik,India,20.0059,73.791,1967-04-01,,Raj Shah 1,,,,"Sample member for testing generation 2, search, profile and relationship features.",+91 9800000027,member28@example.com
m29,Amit Shah 29,2,Pharmacist,Bengaluru,India,12.9716,77.5946,1968-05-02,,Raj Shah 1,,Nisha Shah 30,,"Sample member for testing generation 2, search, profile and relationship features.",+91 9800000028,member29@example.com
m30,Nisha Shah 30,2,Student,Delhi,India,28.6139,77.209,1969-06-03,,Neha Shah 2,,Amit Shah 29,,"Sample member for testing generation 2, search, profile and relationship features.",+91 9800000029,member30@example.com
m31,Karan Shah 31,2,Software Engineer,London,United Kingdom,51.5074,-0.1278,1960-07-04,,Neha Shah 2,,,,"Sample member for testing generation 2, search, profile and relationship features.",+91 9800000030,member31@example.com
m32,Sneha Shah 32,2,Doctor,Dubai,UAE,25.2048,55.2708,1961-08-05,2021-05-12,Mahesh Shah 3,,,,"Sample member for testing generation 2, search, profile and relationship features.",+91 9800000031,member32@example.com
m33,Nikhil Shah 33,3,Chartered Accountant,Pune,India,18.5204,73.8567,1972-09-06,,Priya Shah 4,,Tanya Shah 34,,"Sample member for testing generation 3, search, profile and relationship features.",+91 9800000032,member33@example.com
m34,Tanya Shah 34,3,Lawyer,Mumbai,India,19.076,72.8777,1973-10-07,,Priya Shah 4,,Nikhil Shah 33,,"Sample member for testing generation 3, search, profile and relationship features.",+91 9800000033,member34@example.com
m35,Rahul Shah 35,3,Teacher,Jalgaon,India,21.0077,75.5626,1974-11-08,,Rohan Shah 5,,,,"Sample member for testing generation 3, search, profile and relationship features.",+91 9800000034,member35@example.com
m36,Shreya Shah 36,3,Business Owner,Nashik,India,20.0059,73.791,1975-12-09,,Rohan Shah 5,,,,"Sample member for testing generation 3, search, profile and relationship features.",+91 9800000035,member36@example.com
m37,Manoj Shah 37,3,Architect,Bengaluru,India,12.9716,77.5946,1976-01-10,,Isha Shah 6,,,,"Sample member for testing generation 3, search, profile and relationship features.",+91 9800000036,member37@example.com
m38,Simran Shah 38,3,Consultant,Delhi,India,28.6139,77.209,1977-02-11,,Isha Shah 6,,Anil Shah 39,,"Sample member for testing generation 3, search, profile and relationship features.",+91 9800000037,member38@example.com
m39,Anil Shah 39,3,Professor,London,United Kingdom,51.5074,-0.1278,1978-03-12,,Arjun Shah 7,,Simran Shah 38,,"Sample member for testing generation 3, search, profile and relationship features.",+91 9800000038,member39@example.com
m40,Ritu Shah 40,3,Banker,Dubai,UAE,25.2048,55.2708,1979-04-13,,Arjun Shah 7,,,,"Sample member for testing generation 3, search, profile and relationship features.",+91 9800000039,member40@example.com
m41,Sanjay Shah 41,3,Designer,Pune,India,18.5204,73.8567,1970-05-14,,Kavya Shah 8,,,,"Sample member for testing generation 3, search, profile and relationship features.",+91 9800000040,member41@example.com
m42,Neha Shah 42,3,Entrepreneur,Mumbai,India,19.076,72.8777,1971-06-15,,Kavya Shah 8,,,,"Sample member for testing generation 3, search, profile and relationship features.",+91 9800000041,member42@example.com
m43,Akash Shah 43,3,Civil Engineer,Jalgaon,India,21.0077,75.5626,1972-07-16,,Aditya Shah 9,,Priya Shah 44,,"Sample member for testing generation 3, search, profile and relationship features.",+91 9800000042,member43@example.com
m44,Priya Shah 44,3,Pharmacist,Nashik,India,20.0059,73.791,1973-08-17,,Aditya Shah 9,,Akash Shah 43,,"Sample member for testing generation 3, search, profile and relationship features.",+91 9800000043,member44@example.com
m45,Sameer Shah 45,3,Student,Bengaluru,India,12.9716,77.5946,1974-09-18,,Nisha Shah 10,,,,"Sample member for testing generation 3, search, profile and relationship features.",+91 9800000044,member45@example.com
m46,Isha Shah 46,3,Software Engineer,Delhi,India,28.6139,77.209,1975-10-19,,Nisha Shah 10,,,,"Sample member for testing generation 3, search, profile and relationship features.",+91 9800000045,member46@example.com
m47,Yash Shah 47,3,Doctor,London,United Kingdom,51.5074,-0.1278,1976-11-20,,Suresh Shah 11,,,,"Sample member for testing generation 3, search, profile and relationship features.",+91 9800000046,member47@example.com
m48,Kavya Shah 48,3,Chartered Accountant,Dubai,UAE,25.2048,55.2708,1977-12-21,,Suresh Shah 11,,Neeraj Shah 49,,"Sample member for testing generation 3, search, profile and relationship features.",+91 9800000047,member48@example.com
m49,Neeraj Shah 49,3,Lawyer,Pune,India,18.5204,73.8567,1978-01-22,,Sneha Shah 12,,Kavya Shah 48,,"Sample member for testing generation 3, search, profile and relationship features.",+91 9800000048,member49@example.com
m50,Nisha Shah 50,3,Teacher,Mumbai,India,19.076,72.8777,1979-02-23,,Sneha Shah 12,,,,"Sample member for testing generation 3, search, profile and relationship features.",+91 9800000049,member50@example.com
m51,Raj Shah 51,3,Business Owner,Jalgaon,India,21.0077,75.5626,1970-03-24,,Prakash Shah 13,,Harsh Shah 21,,"Sample member for testing generation 3, search, profile and relationship features.",+91 9800000050,member51@example.com
m52,Sneha Shah 52,3,Architect,Nashik,India,20.0059,73.791,1971-04-25,,Prakash Shah 13,,,,"Sample member for testing generation 3, search, profile and relationship features.",+91 9800000051,member52@example.com
m53,Mahesh Shah 53,3,Consultant,Bengaluru,India,12.9716,77.5946,1972-05-26,,Tanya Shah 14,,Tanya Shah 54,,"Sample member for testing generation 3, search, profile and relationship features.",+91 9800000052,member53@example.com
m54,Tanya Shah 54,3,Professor,Delhi,India,28.6139,77.209,1973-06-27,,Tanya Shah 14,,Mahesh Shah 53,,"Sample member for testing generation 3, search, profile and relationship features.",+91 9800000053,member54@example.com
m55,Rohan Shah 55,3,Banker,London,United Kingdom,51.5074,-0.1278,1974-07-01,,Deepak Shah 15,,,,"Sample member for testing generation 3, search, profile and relationship features.",+91 9800000054,member55@example.com
m56,Shreya Shah 56,3,Designer,Dubai,UAE,25.2048,55.2708,1975-08-02,,Deepak Shah 15,,,,"Sample member for testing generation 3, search, profile and relationship features.",+91 9800000055,member56@example.com
m57,Arjun Shah 57,3,Entrepreneur,Pune,India,18.5204,73.8567,1976-09-03,,Shreya Shah 16,,,,"Sample member for testing generation 3, search, profile and relationship features.",+91 9800000056,member57@example.com
m58,Simran Shah 58,3,Civil Engineer,Mumbai,India,19.076,72.8777,1977-10-04,,Shreya Shah 16,,Aditya Shah 59,,"Sample member for testing generation 3, search, profile and relationship features.",+91 9800000057,member58@example.com
m59,Aditya Shah 59,3,Pharmacist,Jalgaon,India,21.0077,75.5626,1978-11-05,,Varun Shah 17,,Simran Shah 58,,"Sample member for testing generation 3, search, profile and relationship features.",+91 9800000058,member59@example.com
m60,Ritu Shah 60,3,Student,Nashik,India,20.0059,73.791,1979-12-06,,Varun Shah 17,,,,"Sample member for testing generation 3, search, profile and relationship features.",+91 9800000059,member60@example.com
m61,Suresh Shah 61,3,Software Engineer,Bengaluru,India,12.9716,77.5946,1970-01-07,,Simran Shah 18,,,,"Sample member for testing generation 3, search, profile and relationship features.",+91 9800000060,member61@example.com
m62,Neha Shah 62,4,Doctor,Delhi,India,28.6139,77.209,1981-02-08,,Nikhil Shah 33,,Prakash Shah 63,,"Sample member for testing generation 4, search, profile and relationship features.",+91 9800000061,member62@example.com
m63,Prakash Shah 63,4,Chartered Accountant,London,United Kingdom,51.5074,-0.1278,1982-03-09,2022-05-12,Nikhil Shah 33,,Neha Shah 62,,"Sample member for testing generation 4, search, profile and relationship features.",+91 9800000062,member63@example.com
m64,Priya Shah 64,4,Lawyer,Dubai,UAE,25.2048,55.2708,1983-04-10,,Tanya Shah 34,,,,"Sample member for testing generation 4, search, profile and relationship features.",+91 9800000063,member64@example.com
m65,Deepak Shah 65,4,Teacher,Pune,India,18.5204,73.8567,1984-05-11,,Tanya Shah 34,,,,"Sample member for testing generation 4, search, profile and relationship features.",+91 9800000064,member65@example.com
m66,Isha Shah 66,4,Business Owner,Mumbai,India,19.076,72.8777,1985-06-12,,Rahul Shah 35,,,,"Sample member for testing generation 4, search, profile and relationship features.",+91 9800000065,member66@example.com
m67,Varun Shah 67,4,Architect,Jalgaon,India,21.0077,75.5626,1986-07-13,,Rahul Shah 35,,Kavya Shah 68,,"Sample member for testing generation 4, search, profile and relationship features.",+91 9800000066,member67@example.com
m68,Kavya Shah 68,4,Consultant,Nashik,India,20.0059,73.791,1987-08-14,,Shreya Shah 36,,Varun Shah 67,,"Sample member for testing generation 4, search, profile and relationship features.",+91 9800000067,member68@example.com
m69,Ritesh Shah 69,4,Professor,Bengaluru,India,12.9716,77.5946,1988-09-15,,Shreya Shah 36,,,,"Sample member for testing generation 4, search, profile and relationship features.",+91 9800000068,member69@example.com
m70,Nisha Shah 70,4,Banker,Delhi,India,28.6139,77.209,1989-10-16,,Manoj Shah 37,,,,"Sample member for testing generation 4, search, profile and relationship features.",+91 9800000069,member70@example.com
m71,Harsh Shah 71,4,Designer,London,United Kingdom,51.5074,-0.1278,1980-11-17,,Manoj Shah 37,,,,"Sample member for testing generation 4, search, profile and relationship features.",+91 9800000070,member71@example.com
m72,Sneha Shah 72,4,Entrepreneur,Dubai,UAE,25.2048,55.2708,1981-12-18,,Simran Shah 38,,Dev Shah 73,,"Sample member for testing generation 4, search, profile and relationship features.",+91 9800000071,member72@example.com
m73,Dev Shah 73,4,Civil Engineer,Pune,India,18.5204,73.8567,1982-01-19,,Simran Shah 38,,Sneha Shah 72,,"Sample member for testing generation 4, search, profile and relationship features.",+91 9800000072,member73@example.com
m74,Tanya Shah 74,4,Pharmacist,Mumbai,India,19.076,72.8777,1983-02-20,,Anil Shah 39,,,,"Sample member for testing generation 4, search, profile and relationship features.",+91 9800000073,member74@example.com
m75,Ravi Shah 75,4,Student,Jalgaon,India,21.0077,75.5626,1984-03-21,,Anil Shah 39,,,,"Sample member for testing generation 4, search, profile and relationship features.",+91 9800000074,member75@example.com
m76,Shreya Shah 76,4,Software Engineer,Nashik,India,20.0059,73.791,1985-04-22,,Ritu Shah 40,,Isha Shah 106,,"Sample member for testing generation 4, search, profile and relationship features.",+91 9800000075,member76@example.com
m77,Vijay Shah 77,4,Doctor,Bengaluru,India,12.9716,77.5946,1986-05-23,,Ritu Shah 40,,Simran Shah 78,,"Sample member for testing generation 4, search, profile and relationship features.",+91 9800000076,member77@example.com
m78,Simran Shah 78,4,Chartered Accountant,Delhi,India,28.6139,77.209,1987-06-24,,Sanjay Shah 41,,Vijay Shah 77,,"Sample member for testing generation 4, search, profile and relationship features.",+91 9800000077,member78@example.com
m79,Amit Shah 79,4,Lawyer,London,United Kingdom,51.5074,-0.1278,1988-07-25,,Sanjay Shah 41,,,,"Sample member for testing generation 4, search, profile and relationship features.",+91 9800000078,member79@example.com
m80,Ritu Shah 80,4,Teacher,Dubai,UAE,25.2048,55.2708,1989-08-26,,Neha Shah 42,,,,"Sample member for testing generation 4, search, profile and relationship features.",+91 9800000079,member80@example.com
m81,Karan Shah 81,4,Business Owner,Pune,India,18.5204,73.8567,1980-09-27,,Neha Shah 42,,,,"Sample member for testing generation 4, search, profile and relationship features.",+91 9800000080,member81@example.com
m82,Neha Shah 82,4,Architect,Mumbai,India,19.076,72.8777,1981-10-01,,Akash Shah 43,,Nikhil Shah 83,,"Sample member for testing generation 4, search, profile and relationship features.",+91 9800000081,member82@example.com
m83,Nikhil Shah 83,4,Consultant,Jalgaon,India,21.0077,75.5626,1982-11-02,,Akash Shah 43,,Neha Shah 82,,"Sample member for testing generation 4, search, profile and relationship features.",+91 9800000082,member83@example.com
m84,Priya Shah 84,4,Professor,Nashik,India,20.0059,73.791,1983-12-03,,Priya Shah 44,,,,"Sample member for testing generation 4, search, profile and relationship features.",+91 9800000083,member84@example.com
m85,Rahul Shah 85,4,Banker,Bengaluru,India,12.9716,77.5946,1984-01-04,,Priya Shah 44,,,,"Sample member for testing generation 4, search, profile and relationship features.",+91 9800000084,member85@example.com
m86,Isha Shah 86,4,Designer,Delhi,India,28.6139,77.209,1985-02-05,,Sameer Shah 45,,,,"Sample member for testing generation 4, search, profile and relationship features.",+91 9800000085,member86@example.com
m87,Manoj Shah 87,4,Entrepreneur,London,United Kingdom,51.5074,-0.1278,1986-03-06,,Sameer Shah 45,,Kavya Shah 88,,"Sample member for testing generation 4, search, profile and relationship features.",+91 9800000086,member87@example.com
m88,Kavya Shah 88,4,Civil Engineer,Dubai,UAE,25.2048,55.2708,1987-04-07,,Isha Shah 46,,Manoj Shah 87,,"Sample member for testing generation 4, search, profile and relationship features.",+91 9800000087,member88@example.com
m89,Anil Shah 89,4,Pharmacist,Pune,India,18.5204,73.8567,1988-05-08,,Isha Shah 46,,,,"Sample member for testing generation 4, search, profile and relationship features.",+91 9800000088,member89@example.com
m90,Nisha Shah 90,4,Student,Mumbai,India,19.076,72.8777,1989-06-09,,Yash Shah 47,,,,"Sample member for testing generation 4, search, profile and relationship features.",+91 9800000089,member90@example.com
m91,Sanjay Shah 91,5,Software Engineer,Jalgaon,India,21.0077,75.5626,1990-07-10,,Neha Shah 62,,Sneha Shah 92,,"Sample member for testing generation 5, search, profile and relationship features.",+91 9800000090,member91@example.com
m92,Sneha Shah 92,5,Doctor,Nashik,India,20.0059,73.791,1991-08-11,2021-05-12,Neha Shah 62,,Sanjay Shah 91,,"Sample member for testing generation 5, search, profile and relationship features.",+91 9800000091,member92@example.com
m93,Akash Shah 93,5,Chartered Accountant,Bengaluru,India,12.9716,77.5946,1992-09-12,,Prakash Shah 63,,,,"Sample member for testing generation 5, search, profile and relationship features.",+91 9800000092,member93@example.com
m94,Tanya Shah 94,5,Lawyer,Delhi,India,28.6139,77.209,1993-10-13,,Prakash Shah 63,,,,"Sample member for testing generation 5, search, profile and relationship features.",+91 9800000093,member94@example.com
m95,Sameer Shah 95,5,Teacher,London,United Kingdom,51.5074,-0.1278,1994-11-14,,Priya Shah 64,,,,"Sample member for testing generation 5, search, profile and relationship features.",+91 9800000094,member95@example.com
m96,Shreya Shah 96,5,Business Owner,Dubai,UAE,25.2048,55.2708,1995-12-15,,Priya Shah 64,,Yash Shah 97,,"Sample member for testing generation 5, search, profile and relationship features.",+91 9800000095,member96@example.com
m97,Yash Shah 97,5,Architect,Pune,India,18.5204,73.8567,1996-01-16,,Deepak Shah 65,,Shreya Shah 96,,"Sample member for testing generation 5, search, profile and relationship features.",+91 9800000096,member97@example.com
m98,Simran Shah 98,5,Consultant,Mumbai,India,19.076,72.8777,1997-02-17,,Deepak Shah 65,,,,"Sample member for testing generation 5, search, profile and relationship features.",+91 9800000097,member98@example.com
m99,Neeraj Shah 99,5,Professor,Jalgaon,India,21.0077,75.5626,1998-03-18,,Isha Shah 66,,,,"Sample member for testing generation 5, search, profile and relationship features.",+91 9800000098,member99@example.com
m100,Ritu Shah 100,5,Banker,Nashik,India,20.0059,73.791,1999-04-19,,Isha Shah 66,,,,"Sample member for testing generation 5, search, profile and relationship features.",+91 9800000099,member100@example.com
m101,Raj Shah 101,5,Designer,Bengaluru,India,12.9716,77.5946,1990-05-20,,Varun Shah 67,,Neha Shah 102,,"Sample member for testing generation 5, search, profile and relationship features.",+91 9800000100,member101@example.com
m102,Neha Shah 102,5,Entrepreneur,Delhi,India,28.6139,77.209,1991-06-21,,Varun Shah 67,,Raj Shah 101,,"Sample member for testing generation 5, search, profile and relationship features.",+91 9800000101,member102@example.com
m103,Mahesh Shah 103,5,Civil Engineer,London,United Kingdom,51.5074,-0.1278,1992-07-22,,Kavya Shah 68,,,,"Sample member for testing generation 5, search, profile and relationship features.",+91 9800000102,member103@example.com
m104,Priya Shah 104,5,Pharmacist,Dubai,UAE,25.2048,55.2708,1993-08-23,,Kavya Shah 68,,,,"Sample member for testing generation 5, search, profile and relationship features.",+91 9800000103,member104@example.com
m105,Rohan Shah 105,5,Student,Pune,India,18.5204,73.8567,1994-09-24,,Ritesh Shah 69,,,,"Sample member for testing generation 5, search, profile and relationship features.",+91 9800000104,member105@example.com
m106,Isha Shah 106,5,Software Engineer,Mumbai,India,19.076,72.8777,1995-10-25,,Ritesh Shah 69,,Shreya Shah 76,,"Sample member for testing generation 5, search, profile and relationship features.",+91 9800000105,member106@example.com
m107,Arjun Shah 107,5,Doctor,Jalgaon,India,21.0077,75.5626,1996-11-26,,Nisha Shah 70,,Isha Shah 106,,"Sample member for testing generation 5, search, profile and relationship features.",+91 9800000106,member107@example.com
m108,Kavya Shah 108,5,Chartered Accountant,Nashik,India,20.0059,73.791,1997-12-27,,Nisha Shah 70,,,,"Sample member for testing generation 5, search, profile and relationship features.",+91 9800000107,member108@example.com
m109,Aditya Shah 109,5,Lawyer,Bengaluru,India,12.9716,77.5946,1998-01-01,,Harsh Shah 71,,,,"Sample member for testing generation 5, search, profile and relationship features.",+91 9800000108,member109@example.com
m110,Nisha Shah 110,5,Teacher,Delhi,India,28.6139,77.209,1999-02-02,,Harsh Shah 71,,,,"Sample member for testing generation 5, search, profile and relationship features.",+91 9800000109,member110@example.com
m111,Suresh Shah 111,5,Business Owner,London,United Kingdom,51.5074,-0.1278,1990-03-03,,Sneha Shah 72,,Sneha Shah 112,,"Sample member for testing generation 5, search, profile and relationship features.",+91 9800000110,member111@example.com
m112,Sneha Shah 112,5,Architect,Dubai,UAE,25.2048,55.2708,1991-04-04,,Sneha Shah 72,,Suresh Shah 111,,"Sample member for testing generation 5, search, profile and relationship features.",+91 9800000111,member112@example.com
m113,Prakash Shah 113,5,Consultant,Pune,India,18.5204,73.8567,1992-05-05,,Dev Shah 73,,,,"Sample member for testing generation 5, search, profile and relationship features.",+91 9800000112,member113@example.com
m114,Tanya Shah 114,5,Professor,Mumbai,India,19.076,72.8777,1993-06-06,,Dev Shah 73,,,,"Sample member for testing generation 5, search, profile and relationship features.",+91 9800000113,member114@example.com
m115,Deepak Shah 115,5,Banker,Jalgaon,India,21.0077,75.5626,1994-07-07,,Tanya Shah 74,,,,"Sample member for testing generation 5, search, profile and relationship features.",+91 9800000114,member115@example.com
m116,Shreya Shah 116,5,Designer,Nashik,India,20.0059,73.791,1995-08-08,,Tanya Shah 74,,Sanjay Shah 141,,"Sample member for testing generation 5, search, profile and relationship features.",+91 9800000115,member116@example.com
m117,Varun Shah 117,5,Entrepreneur,Bengaluru,India,12.9716,77.5946,1996-09-09,,Ravi Shah 75,,Shreya Shah 116,,"Sample member for testing generation 5, search, profile and relationship features.",+91 9800000116,member117@example.com
m118,Simran Shah 118,5,Civil Engineer,Delhi,India,28.6139,77.209,1997-10-10,,Ravi Shah 75,,,,"Sample member for testing generation 5, search, profile and relationship features.",+91 9800000117,member118@example.com
m119,Ritesh Shah 119,5,Pharmacist,London,United Kingdom,51.5074,-0.1278,1998-11-11,,Shreya Shah 76,,,,"Sample member for testing generation 5, search, profile and relationship features.",+91 9800000118,member119@example.com
m120,Ritu Shah 120,6,Student,Dubai,UAE,25.2048,55.2708,2009-12-12,,Sanjay Shah 91,,Harsh Shah 121,,"Sample member for testing generation 6, search, profile and relationship features.",+91 9800000119,member120@example.com
m121,Harsh Shah 121,6,Software Engineer,Pune,India,18.5204,73.8567,2000-01-13,,Sanjay Shah 91,,Ritu Shah 120,,"Sample member for testing generation 6, search, profile and relationship features.",+91 9800000120,member121@example.com
m122,Neha Shah 122,6,Doctor,Mumbai,India,19.076,72.8777,2001-02-14,,Sneha Shah 92,,,,"Sample member for testing generation 6, search, profile and relationship features.",+91 9800000121,member122@example.com
m123,Dev Shah 123,6,Chartered Accountant,Jalgaon,India,21.0077,75.5626,2002-03-15,,Sneha Shah 92,,,,"Sample member for testing generation 6, search, profile and relationship features.",+91 9800000122,member123@example.com
m124,Priya Shah 124,6,Lawyer,Nashik,India,20.0059,73.791,2003-04-16,,Akash Shah 93,,,,"Sample member for testing generation 6, search, profile and relationship features.",+91 9800000123,member124@example.com
m125,Ravi Shah 125,6,Teacher,Bengaluru,India,12.9716,77.5946,2004-05-17,,Akash Shah 93,,Isha Shah 126,,"Sample member for testing generation 6, search, profile and relationship features.",+91 9800000124,member125@example.com
m126,Isha Shah 126,6,Business Owner,Delhi,India,28.6139,77.209,2005-06-18,,Tanya Shah 94,,Ravi Shah 125,,"Sample member for testing generation 6, search, profile and relationship features.",+91 9800000125,member126@example.com
m127,Vijay Shah 127,6,Architect,London,United Kingdom,51.5074,-0.1278,2006-07-19,,Tanya Shah 94,,,,"Sample member for testing generation 6, search, profile and relationship features.",+91 9800000126,member127@example.com
m128,Kavya Shah 128,6,Consultant,Dubai,UAE,25.2048,55.2708,2007-08-20,,Sameer Shah 95,,,,"Sample member for testing generation 6, search, profile and relationship features.",+91 9800000127,member128@example.com
m129,Amit Shah 129,6,Professor,Pune,India,18.5204,73.8567,2008-09-21,,Sameer Shah 95,,,,"Sample member for testing generation 6, search, profile and relationship features.",+91 9800000128,member129@example.com
m130,Nisha Shah 130,6,Banker,Mumbai,India,19.076,72.8777,2009-10-22,,Shreya Shah 96,,Karan Shah 131,,"Sample member for testing generation 6, search, profile and relationship features.",+91 9800000129,member130@example.com
m131,Karan Shah 131,6,Designer,Jalgaon,India,21.0077,75.5626,2000-11-23,,Shreya Shah 96,,Nisha Shah 130,,"Sample member for testing generation 6, search, profile and relationship features.",+91 9800000130,member131@example.com
m132,Sneha Shah 132,6,Entrepreneur,Nashik,India,20.0059,73.791,2001-12-24,,Yash Shah 97,,,,"Sample member for testing generation 6, search, profile and relationship features.",+91 9800000131,member132@example.com
m133,Nikhil Shah 133,6,Civil Engineer,Bengaluru,India,12.9716,77.5946,2002-01-25,,Yash Shah 97,,,,"Sample member for testing generation 6, search, profile and relationship features.",+91 9800000132,member133@example.com
m134,Tanya Shah 134,6,Pharmacist,Delhi,India,28.6139,77.209,2003-02-26,,Simran Shah 98,,,,"Sample member for testing generation 6, search, profile and relationship features.",+91 9800000133,member134@example.com
m135,Rahul Shah 135,6,Student,London,United Kingdom,51.5074,-0.1278,2004-03-27,,Simran Shah 98,,Shreya Shah 136,,"Sample member for testing generation 6, search, profile and relationship features.",+91 9800000134,member135@example.com
m136,Shreya Shah 136,6,Software Engineer,Dubai,UAE,25.2048,55.2708,2005-04-01,,Neeraj Shah 99,,Rahul Shah 135,,"Sample member for testing generation 6, search, profile and relationship features.",+91 9800000135,member136@example.com
m137,Manoj Shah 137,6,Doctor,Pune,India,18.5204,73.8567,2006-05-02,,Neeraj Shah 99,,,,"Sample member for testing generation 6, search, profile and relationship features.",+91 9800000136,member137@example.com
m138,Simran Shah 138,6,Chartered Accountant,Mumbai,India,19.076,72.8777,2007-06-03,,Ritu Shah 100,,,,"Sample member for testing generation 6, search, profile and relationship features.",+91 9800000137,member138@example.com
m139,Anil Shah 139,6,Lawyer,Jalgaon,India,21.0077,75.5626,2008-07-04,,Ritu Shah 100,,,,"Sample member for testing generation 6, search, profile and relationship features.",+91 9800000138,member139@example.com
m140,Ritu Shah 140,6,Teacher,Nashik,India,20.0059,73.791,2009-08-05,,Raj Shah 101,,Sanjay Shah 141,,"Sample member for testing generation 6, search, profile and relationship features.",+91 9800000139,member140@example.com
m141,Sanjay Shah 141,6,Business Owner,Bengaluru,India,12.9716,77.5946,2000-09-06,,Raj Shah 101,,Shreya Shah 116,,"Sample member for testing generation 6, search, profile and relationship features.",+91 9800000140,member141@example.com
m142,Neha Shah 142,6,Architect,Delhi,India,28.6139,77.209,2001-10-07,,Neha Shah 102,,,,"Sample member for testing generation 6, search, profile and relationship features.",+91 9800000141,member142@example.com
m143,Akash Shah 143,6,Consultant,London,United Kingdom,51.5074,-0.1278,2002-11-08,,Neha Shah 102,,,,"Sample member for testing generation 6, search, profile and relationship features.",+91 9800000142,member143@example.com
m144,Priya Shah 144,6,Professor,Dubai,UAE,25.2048,55.2708,2003-12-09,,Mahesh Shah 103,,,,"Sample member for testing generation 6, search, profile and relationship features.",+91 9800000143,member144@example.com
m145,Sameer Shah 145,6,Banker,Pune,India,18.5204,73.8567,2004-01-10,,Mahesh Shah 103,,Isha Shah 146,,"Sample member for testing generation 6, search, profile and relationship features.",+91 9800000144,member145@example.com
m146,Isha Shah 146,6,Designer,Mumbai,India,19.076,72.8777,2005-02-11,,Priya Shah 104,,Sameer Shah 145,,"Sample member for testing generation 6, search, profile and relationship features.",+91 9800000145,member146@example.com
m147,Yash Shah 147,6,Entrepreneur,Jalgaon,India,21.0077,75.5626,2006-03-12,,Priya Shah 104,,,,"Sample member for testing generation 6, search, profile and relationship features.",+91 9800000146,member147@example.com
m148,Kavya Shah 148,6,Civil Engineer,Nashik,India,20.0059,73.791,2007-04-13,,Rohan Shah 105,,,,"Sample member for testing generation 6, search, profile and relationship features.",+91 9800000147,member148@example.com
m149,Neeraj Shah 149,6,Pharmacist,Bengaluru,India,12.9716,77.5946,2008-05-14,,Rohan Shah 105,,,,"Sample member for testing generation 6, search, profile and relationship features.",+91 9800000148,member149@example.com
m150,Nisha Shah 150,6,Student,Delhi,India,28.6139,77.209,2009-06-15,,Isha Shah 106,,,,"Sample member for testing generation 6, search, profile and relationship features.",+91 9800000149,member150@example.com
